{
    "banking_circle":
{
    "Boundary#1": [[1.5,5.7,30]],
    "Boundary#2": [[2.5,1.5,40]],
    "Boundary#3": [[4.1,4.1,50]],
    "Boundary#4": [[6,6.5,60]]
 },
    "banking_cluster":{
    "Cluster#1" : [
        [1.275154, 5.957587],
        [1.441611, 5.444826],
        [1.17768, 5.387793],
        [1.855808, 5.483301],
        [1.650821, 5.407572],  
        [1.513623, 5.841029]
    ],
    "Cluster#2":[
        [2.606999, 1.510312],
        [2.121904, 1.173988],
        [2.376754, 1.863579],
        [2.797787, 1.518662],
        [2.327224, 1.358778]
    ],
    "Cluster#3":[
        [3.919901, 4.439368],
        [3.598143, 5.07597],
        [3.914654, 4.559303],
        [4.148946, 3.345138],
        [4.629062, 3.535831]
    ],
    "Cluster#4":[
        [5.919901, 6.439368],
        [5.598143, 6.97597],
        [5.914654, 6.559303],
        [6.148946, 6.345138],
        [5.629062, 6.535831]
    ]
    
    }

}