{
    "DeepUnk_banking": {
        "Cluster#1" : [
            [1.27, 5.95,0.3],
            [1.44, 5.44,0.3],
            [1.17, 5.30,0.3],
            [1.05, 3.48,0.3],
            [1.85, 5.48,0.3]
           
        ],
        "Cluster#2":[
            [2.60, 1.51,0.5],
            [2.12, 1.17,0.5],
            [2.37, 1.86,0.5],
            [2.79, 1.51,0.5],
            [2.32, 1.35,0.5]
        ],
        "Cluster#3":[
            [3.91, 4.43,0.7],
            [3.59, 5.07,0.7],
            [3.91, 4.55,0.7],
            [4.14, 3.34,0.7],
            [4.62, 3.53,0.7]
        ],
        "Cluster#4":[
            [5.91, 6.43,0.8],
            [5.59, 6.97,0.8],
            [6.14, 6.34,0.8],
            [5.62, 6.53,0.8]
        ]
},
"DeepUnk_snips": {
    "intent#1" : [
        [11.275154, 15.957587,0.3],
        [21.441611, 15.444826,0.3],
        [21.17768, 35.307793,0.3],
        [11.055808, 13.483301,0.3],
        [21.855808, 15.483301,0.3]
       
    ],
    "intent#2":[
        [12.60, 11.51,0.5],
        [32.12, 11.17,0.5],
        [42.37, 41.86,0.5],
        [62.79, 21.51,0.5],
        [22.32, 21.35,0.5]
    ],
    "intent#3":[
        [53.91, 44.43,0.7],
        [53.59, 45.07,0.7],
        [33.91, 24.55,0.7],
        [14.14, 43.34,0.7],
        [14.62, 53.531,0.7]
    ]
   
}

}