{
    "detection_banking_0.2_F1": {
        "ADB": [
            14.708000000000004,
            15.4973,
            14.8654
        ],
        "DOC": [
            1.5617,
            0,
            0
        ],
        "DeepUnk": [
            2.2309,
            0,
            0
        ],
        "MSP": [
            4.2963,
            0,
            0
        ],
        "OpenMax": [
            4.2963000000000005,
            0,
            0
        ]
    },
    "detection_banking_0.4_F1": {
        "ADB": [
            16.8843,
            27.457499999999992,
            0
        ],
        "DOC": [
            0,
            2.4216,
            0
        ],
        "DeepUnk": [
            0,
            7.5496,
            0
        ],
        "MSP": [
            0,
            1.7241,
            0
        ],
        "OpenMax": [
            4.2963,
            1.7241,
            0
        ]
    },
    "detection_banking_0.6_F1": {
        "ADB": [
            21.6469,
            0,
            0
        ],
        "DOC": [
            0,
            0,
            0
        ],
        "DeepUnk": [
            0,
            0,
            0
        ],
        "MSP": [
            0,
            0,
            0
        ],
        "OpenMax": [
            0,
            0,
            0
        ]
    },
    "detection_banking_0.2_F1-known": {
        "ADB": [
            11.335100000000002,
            14.3353,
            14.472000000000001
        ],
        "DOC": [
            1.6438,
            0,
            0
        ],
        "DeepUnk": [
            1.6716,
            0,
            0
        ],
        "MSP": [
            0.0,
            0,
            0
        ],
        "OpenMax": [
            0.0,
            0,
            0
        ]
    },
    "detection_banking_0.4_F1-known": {
        "ADB": [
            14.0538,
            26.707699999999996,
            0
        ],
        "DOC": [
            0,
            2.4853,
            0
        ],
        "DeepUnk": [
            0,
            7.4126,
            0
        ],
        "MSP": [
            0,
            0.0,
            0
        ],
        "OpenMax": [
            0.0,
            0.0,
            0
        ]
    },
    "detection_banking_0.6_F1-known": {
        "ADB": [
            18.7455,
            0,
            0
        ],
        "DOC": [
            0,
            0,
            0
        ],
        "DeepUnk": [
            0,
            0,
            0
        ],
        "MSP": [
            0,
            0,
            0
        ],
        "OpenMax": [
            0,
            0,
            0
        ]
    },
    "detection_banking_0.2_F1-open": {
        "ADB": [
            78.79289999999999,
            59.6529,
            37.6879
        ],
        "DOC": [
            0.0,
            0,
            0
        ],
        "DeepUnk": [
            12.8571,
            0,
            0
        ],
        "MSP": [
            85.9259,
            0,
            0
        ],
        "OpenMax": [
            85.92589999999998,
            0,
            0
        ]
    },
    "detection_banking_0.4_F1-open": {
        "ADB": [
            70.6633,
            55.94740000000001,
            0
        ],
        "DOC": [
            0,
            0.0,
            0
        ],
        "DeepUnk": [
            0,
            12.7586,
            0
        ],
        "MSP": [
            0,
            67.2414,
            0
        ],
        "OpenMax": [
            85.9259,
            67.2414,
            0
        ]
    },
    "detection_banking_0.6_F1-open": {
        "ADB": [
            76.7743,
            0,
            0
        ],
        "DOC": [
            0,
            0,
            0
        ],
        "DeepUnk": [
            0,
            0,
            0
        ],
        "MSP": [
            0,
            0,
            0
        ],
        "OpenMax": [
            0,
            0,
            0
        ]
    },
    "detection_banking_0.2_Acc": {
        "ADB": [
            65.55,
            44.51,
            28.67
        ],
        "DOC": [
            2.34,
            0,
            0
        ],
        "DeepUnk": [
            6.62,
            0,
            0
        ],
        "MSP": [
            75.32,
            0,
            0
        ],
        "OpenMax": [
            75.31999999999998,
            0,
            0
        ]
    },
    "detection_banking_0.4_Acc": {
        "ADB": [
            56.4,
            45.32000000000001,
            0
        ],
        "DOC": [
            0,
            2.5,
            0
        ],
        "DeepUnk": [
            0,
            10.13,
            0
        ],
        "MSP": [
            0,
            50.64999999999999,
            0
        ],
        "OpenMax": [
            75.32,
            50.65,
            0
        ]
    },
    "detection_banking_0.6_Acc": {
        "ADB": [
            63.67,
            0,
            0
        ],
        "DOC": [
            0,
            0,
            0
        ],
        "DeepUnk": [
            0,
            0,
            0
        ],
        "MSP": [
            0,
            0,
            0
        ],
        "OpenMax": [
            0,
            0,
            0
        ]
    }
}