{
    "detection_banking_ADB_0": {
        "Train": [
            1.5743339657783508
        ],
        "Valid": [
            0.07380952380952381
        ]
    },
    "detection_banking_ADB_1": {
        "Train": [
            4.755560517311096,
            4.724455952644348,
            4.6042726039886475,
            4.468423843383789,
            4.37805438041687,
            4.3363542556762695,
            4.042884349822998,
            3.9292868971824646,
            3.781674325466156,
            3.626885950565338,
            3.4603041410446167,
            3.2978384494781494,
            3.0467790961265564,
            2.8527350425720215,
            2.829695224761963,
            2.5086673498153687,
            2.2781890630722046,
            2.1228172183036804,
            1.91062992811203,
            1.6520207226276398
        ],
        "Valid": [
            0.0,
            0.0,
            0.0,
            0.0,
            0.0,
            0.0,
            0.0,
            0.0,
            0.0,
            0.0,
            0.0,
            0.008333333333333335,
            0.041045796308954205,
            0.06932692307692308,
            0.09648292883587001,
            0.13497543646285065,
            0.17779632648053703,
            0.22901226224755633,
            0.26302764584094507,
            0.302593247825446
        ]
    },
    "detection_banking_ADB_2": {
        "Train": [
            4.755560517311096,
            4.724455952644348,
            4.6042726039886475,
            4.468423843383789,
            4.37805438041687,
            4.3363542556762695,
            4.042884349822998,
            3.9292868971824646,
            3.781674325466156,
            3.626885950565338,
            3.4603041410446167,
            3.2978384494781494,
            3.0467790961265564,
            2.8527350425720215,
            2.829695224761963,
            2.5086673498153687,
            2.2781890630722046,
            2.1228172183036804,
            1.91062992811203,
            1.6520207226276398
        ],
        "Valid": [
            0.0,
            0.0,
            0.0,
            0.0,
            0.0,
            0.0,
            0.0,
            0.0,
            0.0,
            0.0,
            0.0,
            0.008333333333333335,
            0.041045796308954205,
            0.06932692307692308,
            0.09648292883587001,
            0.13497543646285065,
            0.17779632648053703,
            0.22901226224755633,
            0.26302764584094507,
            0.302593247825446
        ]
    },
    "detection_banking_ADB_3": {
        "Train": [
            1.5964748561382294,
            1.59154212474823
        ],
        "Valid": [
            0.07712454212454213,
            0.13122171945701358
        ]
    }
}