{
    "banking_MSP_336": {
        "data": {
            "Known_Intent": [
                2000,
                299,
                21,
                0,
                0,
                0,
                0,
                0,
                0,
                0
            ],
            "Open_Intent": [
                -729,
                -31,
                0,
                0,
                0,
                0,
                0,
                0,
                0,
                0
            ]
        },
        "data_x": {
            "xaxis": [
                0.1,
                0.2,
                0.3,
                0.4,
                0.5,
                0.6,
                0.7,
                0.8,
                0.9,
                1.0
            ],
            "score": [
                0.24675324675324675,
                0.24675324675324675,
                0.24675324675324675,
                0.24675324675324675,
                0.24675324675324675,
                0.24675324675324675,
                0.24675324675324675,
                0.24675324675324675,
                0.24675324675324675,
                0.24675324675324675
            ]
        }
    },
    "banking_MSP_305": {
        "data": {
            "Known_Intent": [
                2000,
                299,
                21,
                0,
                0,
                0,
                0,
                0,
                0,
                0
            ],
            "Open_Intent": [
                -729,
                -31,
                0,
                0,
                0,
                0,
                0,
                0,
                0,
                0
            ]
        },
        "data_x": {
            "xaxis": [
                0.1,
                0.2,
                0.3,
                0.4,
                0.5,
                0.6,
                0.7,
                0.8,
                0.9,
                1.0
            ],
            "score": [
                0.24675324675324675,
                0.24675324675324675,
                0.24675324675324675,
                0.24675324675324675,
                0.24675324675324675,
                0.24675324675324675,
                0.24675324675324675,
                0.24675324675324675,
                0.24675324675324675,
                0.24675324675324675
            ]
        }
    },
    "banking_MSP_290": {
        "data": {
            "Known_Intent": [
                0,
                0,
                3,
                28,
                43,
                56,
                68,
                76,
                141,
                1905
            ],
            "Open_Intent": [
                0,
                -4,
                -43,
                -94,
                -107,
                -116,
                -99,
                -80,
                -78,
                -139
            ]
        },
        "data_x": {
            "xaxis": [
                0.1,
                0.2,
                0.3,
                0.4,
                0.5,
                0.6,
                0.7,
                0.8,
                0.9,
                1.0
            ],
            "score": [
                0.7714285714285715,
                0.7714285714285715,
                0.7714285714285715,
                0.7714285714285715,
                0.7714285714285715,
                0.8006493506493506,
                0.8214285714285714,
                0.826948051948052,
                0.8116883116883117,
                0.24675324675324675
            ]
        }
    },
    "banking_MSP_409": {
        "data": {
            "Known_Intent": [
                0,
                0,
                1,
                5,
                10,
                39,
                26,
                39,
                70,
                730
            ],
            "Open_Intent": [
                0,
                -17,
                -140,
                -251,
                -286,
                -237,
                -229,
                -266,
                -281,
                -453
            ]
        },
        "data_x": {
            "xaxis": [
                0.1,
                0.2,
                0.3,
                0.4,
                0.5,
                0.6,
                0.7,
                0.8,
                0.9,
                1.0
            ],
            "score": [
                0.5025974025974026,
                0.5025974025974026,
                0.5025974025974026,
                0.5025974025974026,
                0.5025974025974026,
                0.5714285714285714,
                0.6405844155844156,
                0.7175324675324676,
                0.787987012987013,
                0.7012987012987013
            ]
        }
    },
    "banking_MSP_454": {
        "data": {
            "Known_Intent": [
                0,
                0,
                1,
                5,
                10,
                39,
                26,
                39,
                70,
                730
            ],
            "Open_Intent": [
                0,
                -17,
                -140,
                -251,
                -286,
                -237,
                -229,
                -266,
                -281,
                -453
            ]
        },
        "data_x": {
            "xaxis": [
                0.1,
                0.2,
                0.3,
                0.4,
                0.5,
                0.6,
                0.7,
                0.8,
                0.9,
                1.0
            ],
            "score": [
                0.5025974025974026,
                0.5025974025974026,
                0.5025974025974026,
                0.5025974025974026,
                0.5025974025974026,
                0.5714285714285714,
                0.6405844155844156,
                0.7175324675324676,
                0.787987012987013,
                0.7012987012987013
            ]
        }
    },
    "snips_MSP_533": {
        "data": {
            "Known_Intent": [
                0,
                0,
                0,
                0,
                0,
                5,
                3,
                2,
                18,
                183
            ],
            "Open_Intent": [
                0,
                0,
                0,
                0,
                0,
                -17,
                -31,
                -60,
                -144,
                -237
            ]
        },
        "data_x": {
            "xaxis": [
                0.1,
                0.2,
                0.3,
                0.4,
                0.5,
                0.6,
                0.7,
                0.8,
                0.9,
                1.0
            ],
            "score": [
                0.2957142857142857,
                0.2957142857142857,
                0.2957142857142857,
                0.2957142857142857,
                0.2957142857142857,
                0.3171428571428571,
                0.35714285714285715,
                0.44142857142857145,
                0.6214285714285714,
                0.6985714285714286
            ]
        }
    },
    "banking_MSP_614": {
        "data": {
            "Known_Intent": [
                0,
                0,
                2,
                5,
                27,
                45,
                45,
                63,
                90,
                483
            ],
            "Open_Intent": [
                0,
                -27,
                -204,
                -338,
                -338,
                -316,
                -288,
                -256,
                -295,
                -258
            ]
        },