{
    "banking_OpenMax_3": {
        "Threshold": {
            "known_intent": [
                1205,
                961,
                123,
                30,
                1,
                0,
                0,
                0,
                0,
                0
            ],
            "open_intent": [
                -599,
                -160,
                -1,
                0,
                0,
                0,
                0,
                0,
                0,
                0
            ],
            "predicted_open_intent": [
                0,
                0,
                0,
                0,
                0,
                0,
                0,
                0,
                0,
                0
            ]
        },
        "Index": {
            "score": [
                0.4607142857142857,
                0.29253246753246753,
                0.2623376623376623,
                0.25357142857142856,
                0.2532467532467532,
                0.2532467532467532,
                0.2532467532467532,
                0.2532467532467532,
                0.2532467532467532,
                0.2532467532467532
            ],
            "xaxis": [
                0.1,
                0.2,
                0.3,
                0.4,
                0.5,
                0.6,
                0.7,
                0.8,
                0.9,
                1.0
            ]
        }
    },
    "banking_OpenMax_365": {
        "data": {
            "Known_Intent": [
                1205,
                961,
                123,
                30,
                1,
                0,
                0,
                0,
                0,
                0
            ],
            "Open_Intent": [
                -599,
                -160,
                -1,
                0,
                0,
                0,
                0,
                0,
                0,
                0
            ]
        },
        "data_x": {
            "score": [
                0.4607142857142857,
                0.29253246753246753,
                0.2623376623376623,
                0.25357142857142856,
                0.2532467532467532,
                0.2532467532467532,
                0.2532467532467532,
                0.2532467532467532,
                0.2532467532467532,
                0.2532467532467532
            ],
            "xaxis": [
                0.1,
                0.2,
                0.3,
                0.4,
                0.5,
                0.6,
                0.7,
                0.8,
                0.9,
                1.0
            ]
        }
    },
    "banking_OpenMax_311": {
        "data": {
            "Known_Intent": [
                1205,
                961,
                123,
                30,
                1,
                0,
                0,
                0,
                0,
                0
            ],
            "Open_Intent": [
                -599,
                -160,
                -1,
                0,
                0,
                0,
                0,
                0,
                0,
                0
            ]
        },
        "data_x": {
            "score": [
                0.4607142857142857,
                0.29253246753246753,
                0.2623376623376623,
                0.25357142857142856,
                0.2532467532467532,
                0.2532467532467532,
                0.2532467532467532,
                0.2532467532467532,
                0.2532467532467532,
                0.2532467532467532
            ],
            "xaxis": [
                0.1,
                0.2,
                0.3,
                0.4,
                0.5,
                0.6,
                0.7,
                0.8,
                0.9,
                1.0
            ]
        }
    },
    "banking_OpenMax_455": {
        "data": {
            "Known_Intent": [
                0,
                0,
                3,
                4,
                15,
                35,
                29,
                39,
                72,
                723
            ],
            "Open_Intent": [
                0,
                -22,
                -174,
                -268,
                -269,
                -267,
                -240,
                -226,
                -277,
                -417
            ]
        },
        "data_x": {
            "score": [
                0.28084415584415584,
                0.287987012987013,
                0.3444805194805195,
                0.4301948051948052,
                0.5152597402597403,
                0.5935064935064935,
                0.6659090909090909,
                0.7288961038961039,
                0.798051948051948,
                0.7012987012987013
            ],
            "xaxis": [
                0.1,
                0.2,
                0.3,
                0.4,
                0.5,
                0.6,
                0.7,
                0.8,
                0.9,
                1.0
            ]
        }
    },
    "snips_OpenMax_466": {
        "data": {
            "Known_Intent": [
                0,
                0,
                0,
                0,
                0,
                3,
                1,
                5,
                6,
                498
            ],
            "Open_Intent": [
                0,
                0,
                0,
                -19,
                -20,
                -19,
                -13,
                -21,
                -23,
                -72
            ]
        },
        "data_x": {
            "score": [
                0.7257142857142858,
                0.7257142857142858,
                0.7257142857142858,
                0.7528571428571429,
                0.7814285714285715,
                0.8057142857142857,
                0.8242857142857143,
                0.8485714285714285,
                0.8728571428571429,
                0.2671428571428571
            ],
            "xaxis": [
                0.1,
                0.2,
                0.3,
                0.4,
                0.5,
                0.6,
                0.7,
                0.8,
                0.9,
                1.0
            ]
        }
    },
    "banking_OpenMax_531": {
        "data": {
            "Known_Intent": [
                327,
                413,
                20,
                0,
                0,
                0,
                0,
                0,
                0,
                0
            ],
            "Open_Intent": [
                -1234,
                -1071,
                -15,
                0,
                0,
                0,
                0,
                0,
                0,
                0
            ]
        },
        "data_x": {
            "score": [
                0.4785714285714286,
                0.7675324675324675,
                0.7659090909090909,
                0.7659090909090909,
                0.7659090909090909,
                0.7659090909090909,
                0.7659090909090909,
                0.7659090909090909,
                0.7659090909090909,
                0.7659090909090909
            ],
            "xaxis": [
                0.1,
                0.2,
                0.3,
                0.4,
                0.5,
                0.6,
                0.7,
                0.8,
                0.9,
                1.0
            ]
        }
    },
    "banking_OpenMax_615": {
        "data": {
            "Known_Intent": [
                0,
                0,
                1,
                14,
                47,
                54,
                71,
                66,
                134,
                373
            ],