{
    "discovery_banking_1_ACC": {
        "AG": [
            30.18,
            30.18,
            0
        ],
        "KM": [
            28.34,
            28.34,
            28.34
        ],
        "SAE": [
            0,
            12.15,
            0
        ],
        "DEC": [
            15.340000000000002,
            0,
            0
        ],
        "DCN": [
            13.45,
            0,
            0
        ],
        "CDACPlus": [
            14.68,
            0,
            0
        ],
        "MCL_BERT": [
            9.32,
            0,
            0
        ],
        "KCL_BERT": [
            4.525,
            3.08,
            0
        ],
        "DeepAligned": [
            20.990000000000002,
            0,
            0
        ],
        "DTC_BERT": [
            17.63,
            0,
            0
        ]
    },
    "discovery_banking_1_ARI": {
        "AG": [
            13.32,
            13.319999999999999,
            0
        ],
        "KM": [
            12.11,
            12.11,
            12.11
        ],
        "SAE": [
            0,
            0.73,
            0
        ],
        "DEC": [
            2.856666666666667,
            0,
            0
        ],
        "DCN": [
            1.34,
            0,
            0
        ],
        "CDACPlus": [
            4.78,
            0,
            0
        ],
        "MCL_BERT": [
            2.7,
            0,
            0
        ],
        "KCL_BERT": [
            0.8450000000000001,
            0.09,
            0
        ],
        "DeepAligned": [
            9.195,
            0,
            0
        ],
        "DTC_BERT": [
            6.23,
            0,
            0
        ]
    },
    "discovery_banking_1_NMI": {
        "AG": [
            56.13,
            56.13000000000001,
            0
        ],
        "KM": [
            53.9,
            53.9,
            53.9
        ],
        "SAE": [
            0,
            38.04,
            0
        ],
        "DEC": [
            42.311666666666675,
            0,
            0
        ],
        "DCN": [
            40.05,
            0,
            0
        ],
        "CDACPlus": [
            35.56,
            0,
            0
        ],
        "MCL_BERT": [
            21.47,
            0,
            0
        ],
        "KCL_BERT": [
            11.325,
            6.34,
            0
        ],
        "DeepAligned": [
            41.825,
            0,
            0
        ],
        "DTC_BERT": [
            35.98,
            0,
            0
        ]
    }
}