{

    "two_way_bar":{
        "intent_class": ["AddToPlayList", "GetWeather", "ReatBook", "Book Ticket", "Book Resutrant", "Play Music"],
        "left":[-120, -132, -101, -134, -190, -230],
        "right":[320, 302, 341, 374, 390, 450]
       
    },
    "detection_error_analysis":{
    
        "AddToPlayList":[0, -21, -12, -14, -10, -10],
        "GetWeather":[-8, 0, -12, -14, -10, -10],
        "ReatBook":[-15, -21, 0, -14, -19, -30],
        "Book Ticket":[-20, -12, -11, 0, -20, -30],
        "Book Resurant":[-20, -12, -11, -14,0, -30],
        "Play Music":[-32, -30, -30, -33, -39, 0]
       
    },
      "detection_known_intent_ratio":{
    
    "MSP":[72, 72, 71, 73, 70, 73, 72,73,74,74],
    "DOC":[82, 82, 81, 84, 89, 90, 93,92,93,93],
    "OpenMax":[75, 82, 81, 87, 83, 83, 84,84,85,83],
    "DeepUnk":[80,73, 81, 83, 89, 87, 90,89,91,92],
    "ADB":[82, 93, 91, 93, 90, 91, 90,91,94,95]
   
},
      "detection_label_ratio":{
    
    "MSP":[72, 72, 71, 73, 70, 73, 72,73,74,74],
    "DOC":[82, 82, 81, 84, 89, 90, 93,92,93,93],
    "OpenMax":[75, 82, 81, 87, 83, 83, 84,84,85,83],
    "DeepUnk":[80,73, 81, 83, 89, 87, 90,89,91,92],
    "ADB":[82, 93, 91, 93, 90, 91, 90,91,94,95]
   
},
  "bar":  {
    "Play Music":[0.1, 0.12, 0.17, 0.1, 0.1, 0.03],
    "Book Resturant":[0.1, 0.11, 0.1, 0.16, 0.16, 0.75],
    "Book Ticket":[0.15, 0.7, 0.12, 0.21, 0.1, 0.1],
    "RateBook":[0.1,  0.01, 0.1, 0.7, 0.1, 0.15],
    "GetWeather":[0.8, 0.12, 0.21, 0.16, 0.21, 0.21],
    "AddToPlaylist":[0.1,  0.21, 0.7, 0.1, 0.1, 0.14],
    "UnKnown Intent":[0.1,  0.01, 0.12, 0.1, 0.9, 0.01]  
},
  "threshold":   {
    "Threshold-Play Music":[0.55, 0.55,0.55,0.55,0.55,0.55],
    "Threshold-Book Resturant":[0.43, 0.43,0.43,0.43,0.43,0.43],
    "Threshold-Book Ticket":[0.5, 0.5,0.5,0.5,0.5,0.5],
    "Threshold-RateBook":[0.6, 0.6,0.6,0.6,0.6,0.6],
    "Threshold-AddToPlaylist":[0.4, 0.4,0.4,0.4,0.4,0.4],
    "Threshold-GetWeather":[0.5, 0.5,0.5,0.5,0.5,0.5],
    "Threshold-UnKnown Intent":[0.47, 0.47,0.47,0.47,0.47,0.47]
},
    "circle_r":
{
    "r1": 30,
    "r2": 40,
    "r3": 50,
    "r4": 60
 },
    "circle_xy":
{
    "Boundary#1": [[1.5,5.7,30]],
    "Boundary#2": [[2.5,1.5,40]],
    "Boundary#3": [[4.1,4.1,50]],
    "Boundary#4": [[6,6.5,60]]


 },
    "cluster":{
    "Cluster#1" : [
        [1.275154, 5.957587,30],
        [1.441611, 5.444826,30],
        [1.17768, 5.387793,30],
        [1.855808, 5.483301,30],
        [1.650821, 5.407572,30],  
        [1.513623, 5.841029,30]
    ],
    "Cluster#2":[
        [2.606999, 1.510312,10],
        [2.121904, 1.173988,10],
        [2.376754, 1.863579,10],
        [2.797787, 1.518662,10],
        [2.327224, 1.358778,10]
    ],
    "Cluster#3":[
        [3.919901, 4.439368,10],
        [3.598143, 5.07597,10],
        [3.914654, 4.559303,10],
        [4.148946, 3.345138,10],
        [4.629062, 3.535831,10]
    ],
    "Cluster#4":[
        [5.919901, 6.439368,5],
        [5.598143, 6.97597,5],
        [5.914654, 6.559303,5],
        [6.148946, 6.345138,5],
        [5.629062, 6.535831,5]
    ]
    
},
    "discovery_ring":{
        "discovery_ring":[
    {"value": 1048, "name": "Play Music"},
    {"value": 735, "name": "Book Resturant"},
    {"value": 580, "name": "Book Ticket"},
    {"value": 484, "name": "RateBook"},
    {"value": 300, "name": "GetWeather"},
    {"value": 580, "name": "AddToPlaylist"},
    {"value": 484, "name": "UnKnown Intent"}
    
]
    },
   "discovery_pie":{
     "discovery_pie":  [
    {"value": 40, "name": "Intent#1","KeyWord1":"Play Movie","KeyWord2":"Movie","KeyWord3":"Movie Star","value1":0.7,"value2":0.21,"value3":0.09},
    {"value": 38, "name": "Intent#2","KeyWord1":"Book Ticket","KeyWord2":"Book","KeyWord3":"Ticket","value1":0.5,"value2":0.31,"value3":0.19},
    {"value": 32, "name": "Intent#3","KeyWord1":"Weather","KeyWord2":"Cold","KeyWord3":"Wind","value1":0.65,"value2":0.2,"value3":0.15},
    {"value": 30, "name": "Intent#4","KeyWord1":"PlayList","KeyWord2":"Add","KeyWord3":"Music","value1":0.73,"value2":0.2,"value3":0.07},
    {"value": 28, "name": "Intent#5","KeyWord1":"Movie","KeyWord2":"Play","KeyWord3":"Movie Star","value1":0.8,"value2":0.1,"value3":0.1},
    {"value": 26, "name": "Intent#6","KeyWord1":"Resturant","KeyWord2":"Book Resturant","KeyWord3":"Food","value1":0.83,"value2":0.1,"value3":0.07},
    {"value": 22, "name": "Intent#7","KeyWord1":"Book","KeyWord2":"Want","KeyWord3":"How much","value1":0.71,"value2":0.21,"value3":0.08}
    
]
    }

 
}