{
    "detection_banking_0.25_F1": {
        "ADB": [
            0,
            0,
            0,
            0,
            36.015566666666665
        ]
    },
    "detection_banking_0.25_F1-known": {
        "ADB": [
            0,
            0,
            0,
            0,
            33.9034
        ]
    },
    "detection_banking_0.25_F1-open": {
        "ADB": [
            0,
            0,
            0,
            0,
            76.14713333333333
        ]
    },
    "detection_banking_0.25_Acc": {
        "ADB": [
            0,
            0,
            0,
            0,
            64.40333333333332
        ]
    }
}