{
    "detection_banking_1.0_F1": {
        "ADB": [
            36.015566666666665,
            0,
            0
        ]
    },
    "detection_banking_1.0_F1-known": {
        "ADB": [
            33.9034,
            0,
            0
        ]
    },
    "detection_banking_1.0_F1-open": {
        "ADB": [
            76.14713333333333,
            0,
            0
        ]
    },
    "detection_banking_1.0_Acc": {
        "ADB": [
            64.40333333333332,
            0,
            0
        ]
    }
}